date,NewRetrap,RingNo,Geoloc,Age,Notes,Location,OpenTime,CloseTime
16/04/2020,,,,,no RCRC,Mwamba,06:15,10:15
18/04/2020,,,,,no RCRC,41a,,
19/04/2020,,,,,no RCRC,41a,,
20/04/2020,,,,,no RCRC,41a,,
21/04/2020,,,,,no RCRC,Mwamba,06:10,09:00
22/04/2020,,,,,no RCRC,41a,,
25/04/2020,,,,,no RCRC,41a,,
26/04/2020,,,,,no RCRC,41a,,
28/04/2020,,,,,no RCRC,41a,,
01/05/2020,N,AA17151,,3,,Mwamba,06:20,10:00
03/05/2020,,,,,no RCRC,41a,,
07/05/2020,N,AA17110,,3,,Mwamba,06:10,09:30
14/05/2020,N,AA17111,,3,,Mwamba,06:10,09:30
14/05/2020,N,AA17112,,4,,Mwamba,06:10,09:30
14/05/2020,N,AA17113,,3,,Mwamba,06:10,09:30
14/05/2020,N,AA17114,,4,,Mwamba,06:10,09:30
14/05/2020,N,AA17115,,3,,Mwamba,06:10,09:30
16/05/2020,N,AA17119,,4,,41a,,
21/05/2020,N,AA17120,,3,,Mwamba,06:15,10:30
21/05/2020,N,AA17121,27LF,3,,Mwamba,06:15,10:30
21/05/2020,N,AA17122,27LF,3,,Mwamba,06:15,10:30
28/05/2020,N,AA17123,245X,3,,Mwamba,06:15,11:30
28/05/2020,O,AA13998,24SZ,4,,Mwamba,06:15,11:30
28/05/2020,R,AA17120,,3,,Mwamba,06:15,11:30
04/06/2020,N,AA17125,25LQ,4,,Mwamba,06:15,11:30
04/06/2020,R,AA17122,,3,,Mwamba,06:15,11:30
11/06/2020,N,AA17126,27LH,3,,Mwamba,06:05,10:15
11/06/2020,N,AA17127,,3,,Mwamba,06:05,10:15
18/06/2020,R,AA17127,,3,,Mwamba,06:00,10:00
18/06/2020,R,AA17120,,,Killed by monkey,Mwamba,06:00,10:00
10/07/2020,O,AA13587,24SY,4,,Mwamba,06:20,10:45
30/07/2020,R,AA17126,,,,Mwamba,06:15,10:00
13/08/2020,N,AA17158,22MO,3,,Mwamba,06:15,12:00
13/08/2020,R,AA17126,27LH,3,,Mwamba,06:15,12:00
13/08/2020,R,AA17127,,3,,Mwamba,06:15,12:00
20/08/2020,O,AA17012,24TA,4,,Mwamba,06:15,10:30
01/09/2020,N,AA17162,27LC,4,,41a,,
04/09/2020,N,AA17165,27MN,3,,41a,,
04/09/2020,R,AA17162,27LC,4,,41a,,
08/09/2020,,,,,No RCRC,41a,,
10/09/2020,,,,,No RCRC,Mwamba,06:50,10:50
11/09/2020,N,AA17171,24SW,4,,41a,,
17/09/2020,,,,,No RCRC,Mwamba,06:15,10:30
22/09/2020,,,,,No RCRC,Mwamba,06:10,09:30
23/09/2020,O,AA13813,27MM,4,,Mwamba,06:00,08:00
23/09/2020,O,AA13726,27ML,3,,Mwamba,06:00,08:00
24/09/2020,R,AA13998,,4,,Mwamba,06:25,09:30
25/09/2020,,,,,No RCRC,Mwamba,06:00,10:00
29/09/2020,,,,,No RCRC,Mwamba,17:20,18:30
30/09/2020,N,AA17175,27MK,3,,Mwamba,05:45,08:00
01/10/2020,N,AA17180,,3,No RCRC,Mwamba,05:45,10:00
08/10/2020,O,AA13474,,4,,Mwamba,06:00,10:00
15/10/2020,,,,,No RCRC,Mwamba,05:45,09:30
22/10/2020,,,,,No RCRC,Mwamba,05:30,09:30
29/10/2020,,,,,No RCRC,Mwamba,05:40,08:30
